{
	"credit": "End_Rage waz here",
	"parent": "block/block",
	"textures": {
		"particle": "computercraft:block/cable_side",
		"side": "computercraft:block/cable_side",
		"end": "computercraft:block/cable_core",
		"glow": "computercraft:block/cable_core_glow"
	},
	"elements": [
		{
			"from": [6, 6, 6],
			"to": [10, 10, 10],
			"faces": {
				"north": {"uv": [6, 6, 10, 10], "texture": "#end"},
				"east": {"uv": [2, 6, 6, 10], "texture": "#side"},
				"south": {"uv": [6, 6, 10, 10], "texture": "#end"},
				"west": {"uv": [2, 6, 6, 10], "texture": "#side"},
				"up": {"uv": [6, 2, 10, 6], "texture": "#side"},
				"down": {"uv": [6, 2, 10, 6], "texture": "#side"}
			}
		},
		{
			"from": [6, 6, 2],
			"to": [10, 10, 6],
			"faces": {
				"north": {"uv": [0, 0, 4, 4], "texture": "#end"},
				"east": {"uv": [4, 0, 8, 4], "texture": "#end"},
				"south": {"uv": [0, 0, 4, 4], "texture": "#end"},
				"west": {"uv": [4, 0, 8, 4], "texture": "#end"},
				"up": {"uv": [4, 0, 8, 4], "rotation": 90, "texture": "#end"},
				"down": {"uv": [4, 0, 8, 4], "rotation": 90, "texture": "#end"}
			}
		},
		{
			"from": [6, 6, 10],
			"to": [10, 10, 14],
			"faces": {
				"north": {"uv": [0, 0, 4, 4], "texture": "#end"},
				"east": {"uv": [4, 0, 8, 4], "texture": "#end"},
				"south": {"uv": [0, 0, 4, 4], "texture": "#end"},
				"west": {"uv": [4, 0, 8, 4], "texture": "#end"},
				"up": {"uv": [4, 0, 8, 4], "rotation": 90, "texture": "#end"},
				"down": {"uv": [4, 0, 8, 4], "rotation": 90, "texture": "#end"}
			}
		}
	]
}
