{
	"credit": "End_Rage waz here",
	"parent": "block/block",
	"textures": {
		"particle": "computercraft:block/cable_side",
		"side": "computercraft:block/cable_side"
	},
	"elements": [
		{
			"from": [6, 6, 6],
			"to": [10, 10, 10],
			"faces": {
				"north": {"uv": [6, 6, 10, 10], "texture": "#side"},
				"east": {"uv": [6, 6, 10, 10], "texture": "#side"},
				"south": {"uv": [6, 6, 10, 10], "texture": "#side"},
				"west": {"uv": [6, 6, 10, 10], "texture": "#side"},
				"up": {"uv": [6, 6, 10, 10], "texture": "#side"},
				"down": {"uv": [6, 6, 10, 10], "texture": "#side"}
			}
		}
	]
}
