{
    "parent": "block/block",
    "render_type": "cutout",
    "textures": {
        "particle": "#front",
	"light": "computercraft:block/blank"
    },
    "elements": [
        {
            "from": [ 3, 3, 0.05 ],
            "to": [ 13, 13, 0.05 ],
            "faces": {
                "down": { "uv": [ 3, 13, 13, 16 ], "texture": "#front" },
                "up": { "uv": [ 3, 0, 13, 3 ], "texture": "#front" },
                "north": { "uv": [ 3, 3, 13, 13 ], "texture": "#front", "cullface": "north" },
                "south": { "uv": [ 3, 3, 13, 13 ], "texture": "#front" },
                "west": { "uv": [ 0, 3, 3, 13 ], "texture": "#front" },
                "east": { "uv": [ 13, 3, 16, 13 ], "texture": "#front" }
            }
        },{
            "from": [ 3, 3, 0.1 ],
            "to": [ 13, 13, 0.1 ],
            "faces": {
                "down": { "uv": [ 3, 13, 13, 16 ], "texture": "#light" },
                "up": { "uv": [ 3, 0, 13, 3 ], "texture": "#light" },
                "north": { "uv": [ 3, 3, 13, 13 ], "texture": "#light", "cullface": "north" },
                "south": { "uv": [ 3, 3, 13, 13 ], "texture": "#light" },
                "west": { "uv": [ 0, 3, 3, 13 ], "texture": "#light" },
                "east": { "uv": [ 13, 3, 16, 13 ], "texture": "#light" }
            }
        }
    ],
    "display": {
        "gui": {
            "rotation": [ 0, 0, 0 ],
            "translation": [ 0, 0, 0 ],
            "scale": [ 1.25, 1.25, 1.25 ]
        },
        "ground": {
            "rotation": [ 0, 0, 0 ],
            "translation": [ 0, 0, 0 ],
            "scale": [0.75,0.75 ,0.75]
        },
        "fixed": {
            "rotation": [ 0, 0, 0 ],
            "translation": [ 0, 0, 0 ],
            "scale": [ 0.5, 0.5, 0.5 ]
        },
        "thirdperson_righthand": {
            "rotation": [ 0, 180, 0 ],
            "translation": [ 0, 2, -5 ],
            "scale": [0.75,0.75,0.75 ]
        },
        "firstperson_righthand": {
            "rotation": [-35, -60, 0 ],
            "translation": [ 0, 5, 0 ],
            "scale": [ 1, 1, 1 ]
        },
        "firstperson_lefthand": {
            "rotation": [ -35, -60, 0 ],
            "translation": [ 0, 5, 0 ],
            "scale": [ 1, 1, 1 ]
        }
    }
}
